{
  "accuracy": 0.8100558659217877,
  "precision": 0.7575757575757576,
  "recall": 0.7352941176470589,
  "f1_score": 0.746268656716418
}