{
  "accuracy": 0.8547486033519553,
  "precision": 0.8095238095238095,
  "recall": 0.7846153846153846,
  "f1_score": 0.796875
}