{
  "accuracy": 0.8435754189944135,
  "precision": 0.7796610169491526,
  "recall": 0.7540983606557377,
  "f1_score": 0.7666666666666667
}