{
  "accuracy": 0.7932960893854749,
  "precision": 0.7272727272727273,
  "recall": 0.7164179104477612,
  "f1_score": 0.7218045112781954
}