{
  "accuracy": 0.8044692737430168,
  "precision": 0.734375,
  "recall": 0.7230769230769231,
  "f1_score": 0.7286821705426356
}