{
  "accuracy": 0.8379888268156425,
  "precision": 0.7352941176470589,
  "recall": 0.819672131147541,
  "f1_score": 0.7751937984496124
}