{
  "accuracy": 0.7597765363128491,
  "precision": 0.6875,
  "recall": 0.6567164179104478,
  "f1_score": 0.6717557251908397
}