{
  "accuracy": 0.7932960893854749,
  "precision": 0.7419354838709677,
  "recall": 0.6865671641791045,
  "f1_score": 0.7131782945736435
}