{
  "accuracy": 0.7988826815642458,
  "precision": 0.7230769230769231,
  "recall": 0.7230769230769231,
  "f1_score": 0.7230769230769231
}