{
  "accuracy": 0.8324022346368715,
  "precision": 0.7384615384615385,
  "recall": 0.7868852459016393,
  "f1_score": 0.7619047619047619
}